<?xml version="1.0" encoding="UTF-8"?>
<root>
<header>
<header>관광지명</header>
<header>관광지구분</header>
<header>소재지도로명주소</header>
<header>소재지지번주소</header>
<header>위도</header>
<header>경도</header>
<header>면적</header>
<header>공공편익시설정보</header>
<header>숙박시설정보</header>
<header>운동및오락시설정보</header>
<header>휴양및문화시설정보</header>
<header>접객시설정보</header>
<header>지원시설정보</header>
<header>지정일자</header>
<header>수용인원수</header>
<header>주차가능수</header>
<header>관광지소개</header>
<header>관리기관전화번호</header>
<header>관리기관명</header>
<header>데이터기준일자</header>
</header>
<Row>
<관광지명>절물자연휴양림</관광지명>
<관광지구분>관광지</관광지구분>
<소재지도로명주소>제주특별자치도 제주시 명림로 584(봉개동)</소재지도로명주소>
<소재지지번주소/>
<위도>33.436967</위도>
<경도>126.628163</경도>
<면적>3000000</면적>
<공공편익시설정보>관리사무실 1동(매표소). 방문자센터(전시실. 영상상영관).물품보관실 . 공중화장실 2동. 연못 2개소 .어린이놀이터 3개소. 주차시설(7.212㎡)</공공편익시설정보>
<숙박시설정보>숲속의 집 7동 19실. 산림문화휴양관 1동10실</숙박시설정보>
<운동및오락시설정보/>
<휴양및문화시설정보>세미나실(대회의실181석.소회의실24석)</휴양및문화시설정보>
<접객시설정보/>
<지원시설정보/>
<지정일자>1992-05-26</지정일자>
<수용인원수>2000</수용인원수>
<주차가능수>221</주차가능수>
<관광지소개>제주시에서 20분거리에 위치해 있으며. 50여년생 삼나무조림지와 자연림이 조화를 이루는 독특한 경관으로 전국 국립자연휴양림 중 매년 최다 방문객을 바랑하고 있다. 또한 유아숲체험원. 숲해설. 목공예 등 산림체험프로그램을 운영하고 있다.</관광지소개>
<관리기관전화번호>064-728-1510</관리기관전화번호>
<관리기관명>절물자연휴양림</관리기관명>
<데이터기준일자>2018-07-31</데이터기준일자>
</Row>
<Row>
<관광지명>노루생태관찰원</관광지명>
<관광지구분>관광지</관광지구분>
<소재지도로명주소>제주특별자치도 제주시 명림로 520(봉개동)</소재지도로명주소>
<소재지지번주소/>
<위도>33.444299</위도>
<경도>126.626746</경도>
<면적>520000</면적>
<공공편익시설정보>전시실. 어린이놀이시설. 파고라. 상시관찰원. ?길 관찰로. 전시관 등</공공편익시설정보>
<숙박시설정보/>
<운동및오락시설정보/>
<휴양및문화시설정보/>
<접객시설정보/>
<지원시설정보/>
<지정일자>2007-08-03</지정일자>
<수용인원수>300</수용인원수>
<주차가능수>92</주차가능수>
<관광지소개>100여 마리의 노루를 관찰할 수 있고. 자연학습과 생태체험. 오름산행을 즐길 수 있는 열린 시민의 공간입니다.</관광지소개>
<관리기관전화번호>064-728-3611</관리기관전화번호>
<관리기관명>노루생태관찰원</관리기관명>
<데이터기준일자>2018-07-31</데이터기준일자>
</Row>
<Row>
<관광지명>제주별빛누리공원</관광지명>
<관광지구분>관광지</관광지구분>
<소재지도로명주소>제주특별자치도 제주시 선돌목동길 60(오등동)</소재지도로명주소>
<소재지지번주소/>
<위도>33.444548</위도>
<경도>126.549253</경도>
<면적>33637</면적>
<공공편익시설정보>4D입체영상관. 천체투영실 천체관측실 전시실</공공편익시설정보>
<숙박시설정보/>
<운동및오락시설정보/>
<휴양및문화시설정보/>
<접객시설정보/>
<지원시설정보/>
<지정일자>2009-03-20</지정일자>
<수용인원수>300</수용인원수>
<주차가능수>100</주차가능수>
<관광지소개>천문우주과학분야에 대한 호기심을 해결 할 수 있는 문화공간</관광지소개>
<관리기관전화번호>064-728-8900</관리기관전화번호>
<관리기관명>제주시 관광진흥과 별빛누리공원</관리기관명>
<데이터기준일자>2018-07-31</데이터기준일자>
</Row>
</root>
